{
  "model_info": {
    "name": "RetinaNet_9clases_hybrid_v3",
    "architecture": "RetinaNet ResNet50-FPN Hybrid",
    "num_classes": 9,
    "class_names": [
      "Hernia",
      "L1",
      "L2",
      "L3",
      "L4",
      "L5",
      "S1",
      "Sin Hernia",
      "T12"
    ],
    "timestamp": "2025-11-13 06:14:07"
  },
  "training_config": {
    "img_size": 640,
    "batch_size": 4,
    "epochs_configured": 120,
    "epochs_trained": 54,
    "best_epoch": 29,
    "learning_rate_max": 0.0006,
    "learning_rate_min": 1e-07,
    "weight_decay": 0.0008,
    "dropout": 0.25,
    "grad_clip": 5.0,
    "max_loss_threshold": 8.0,
    "focal_loss_alpha": 0.25,
    "focal_loss_gamma": 2.0,
    "early_stop_patience": 25
  },
  "training_results": {
    "best_val_loss": 0.9068910717964173,
    "best_epoch": 29,
    "final_train_loss": 0.9352207468903583,
    "final_val_loss": 1.1316800355911254,
    "train_loss_history": [
      1.731925632642663,
      1.436437777850939,
      1.3817973940268806,
      1.433020884576051,
      1.3992634869140128,
      1.2798997293347898,
      1.4770163984402367,
      1.4273172383723052,
      1.2155216828636501,
      1.3084548348965852,
      1.2935136919436248,
      1.23719450313112,
      1.150369705065437,
      1.1987124059511267,
      1.1604212081950644,
      1.2546058271242224,
      1.2978484604669653,
      1.171404321556506,
      1.1201044865276502,
      1.1387196675590847,
      1.2179619242315707,
      1.2029404381047124,
      1.1274322932181151,
      1.2222651502360469,
      1.092699259519577,
      1.1221403168595356,
      1.1646529047385505,
      1.2684403372847515,
      1.3285687609416683,
      1.2528521625891975,
      1.2407695767672167,
      1.0565445171462164,
      1.1612825766205788,
      1.1242853092110676,
      1.092145693043004,
      1.2142213349756987,
      1.1327009680478468,
      1.0956183568291042,
      1.2792813181877136,
      1.1028637212255727,
      1.095783451329107,
      1.0564911222976188,
      1.03188254651816,
      1.0234398077363553,
      1.0104370013527249,
      0.9947353756946066,
      0.9928126788657644,
      0.9856294639732527,
      0.963262263847434,
      0.9706569987794628,
      0.9472856262455815,
      0.9540464839209681,
      0.9596051457135574,
      0.9352207468903583
    ],
    "val_loss_history": [
      1.4024935603141784,
      1.2894473433494569,
      1.2255792438983917,
      1.3229543805122375,
      1.3958258748054504,
      1.2616937100887298,
      1.2287387013435365,
      1.17449192404747,
      1.3485257387161256,
      1.346022790670395,
      1.1354677855968476,
      1.261227971315384,
      1.2144293785095215,
      1.4196982085704803,
      1.1355524778366088,
      1.348717027902603,
      1.285927015542984,
      1.1282293915748596,
      1.1309781491756439,
      1.1650449335575104,
      1.4136825501918793,
      1.1794645190238953,
      1.1492388188838958,
      1.1082072615623475,
      1.0900112867355347,
      1.1044571042060851,
      1.1465898156166077,
      1.1767647087574005,
      0.9068910717964173,
      1.4135668694972991,
      1.2934064090251922,
      1.784398728609085,
      1.1560388445854186,
      1.2223429322242736,
      1.1169827580451965,
      1.1919992446899415,
      1.428756695985794,
      1.0844271183013916,
      1.1201258897781372,
      1.134666621685028,
      1.1308155596256255,
      1.1319320976734162,
      1.087217342853546,
      1.1127878963947295,
      1.0765883803367615,
      1.0989762723445893,
      1.0883970320224763,
      1.0987852334976196,
      1.0953684091567992,
      1.0728045463562013,
      1.0909996449947357,
      1.076143604516983,
      1.0619231045246125,
      1.1316800355911254
    ],
    "gap_train_val": 0.19645928870076712,
    "gap_percentage": 21.00672909085915,
    "improvement_percentage": 35.337238083769826,
    "skipped_batches": 12,
    "total_batches": 2484
  },
  "performance_metrics": {
    "overall_accuracy": 17.894736842105264,
    "per_class_metrics": {
      "Hernia": {
        "accuracy": 26.82926829268293,
        "precision": 61.111111111111114,
        "recall": 26.82926829268293,
        "f1_score": 37.288135593220346,
        "total_samples": 41,
        "correct_predictions": 11
      },
      "L1": {
        "accuracy": 0.0,
        "precision": 0.0,
        "recall": 0.0,
        "f1_score": 0.0,
        "total_samples": 1,
        "correct_predictions": 0
      },
      "L2": {
        "accuracy": 0.0,
        "precision": 0.0,
        "recall": 0.0,
        "f1_score": 0.0,
        "total_samples": 2,
        "correct_predictions": 0
      },
      "L3": {
        "accuracy": 0.0,
        "precision": 0.0,
        "recall": 0.0,
        "f1_score": 0.0,
        "total_samples": 1,
        "correct_predictions": 0
      },
      "L4": {
        "accuracy": 0.0,
        "precision": 0.0,
        "recall": 0.0,
        "f1_score": 0.0,
        "total_samples": 5,
        "correct_predictions": 0
      },
      "L5": {
        "accuracy": 10.0,
        "precision": 66.66666666666666,
        "recall": 10.0,
        "f1_score": 17.391304347826086,
        "total_samples": 20,
        "correct_predictions": 2
      },
      "S1": {
        "accuracy": 10.0,
        "precision": 50.0,
        "recall": 10.0,
        "f1_score": 16.666666666666668,
        "total_samples": 10,
        "correct_predictions": 1
      },
      "Sin Hernia": {
        "accuracy": 21.428571428571427,
        "precision": 27.27272727272727,
        "recall": 21.428571428571427,
        "f1_score": 24.0,
        "total_samples": 14,
        "correct_predictions": 3
      },
      "T12": {
        "accuracy": 0.0,
        "precision": 0.0,
        "recall": 0.0,
        "f1_score": 0.0,
        "total_samples": 1,
        "correct_predictions": 0
      }
    },
    "total_predictions": 95,
    "total_targets": 95
  },
  "speed_metrics": {
    "mean_inference_ms": 81.84620340665181,
    "fps": 12.218037714364254,
    "throughput": 48.872150857457015,
    "training_time_minutes": 29.700000000000003
  }
}