{
  "model_info": {
    "name": "hernia_detector_v3p3_5",
    "architecture": "YOLO12n",
    "num_classes": 9,
    "class_names": [
      "Hernia",
      "L1",
      "L2",
      "L3",
      "L4",
      "L5",
      "S1",
      "Sin Hernia",
      "T12"
    ],
    "timestamp": "2025-11-13 03:38:15"
  },
  "training_config": {
    "img_size": 640,
    "batch_size": 16,
    "epochs_configured": 150,
    "epochs_trained": 150,
    "learning_rate": 0.001,
    "weight_decay": 0.0003,
    "dropout": 0.15,
    "loss_weights": {
      "box": 10.0,
      "cls": 1.5,
      "dfl": 1.5
    },
    "augmentation": {
      "hsv_h": 0.015,
      "hsv_s": 0.7,
      "hsv_v": 0.4,
      "degrees": 15,
      "translate": 0.2,
      "scale": 0.5,
      "flipud": 0.5,
      "fliplr": 0.5,
      "mosaic": 1.0,
      "mixup": 0.1,
      "copy_paste": 0.1
    }
  },
  "training_results": {
    "best_epoch": 135,
    "best_val_loss": 6.162999999999999,
    "final_train_loss": 4.7593,
    "final_val_loss": 6.162999999999999,
    "train_loss_history": [
      19.00308,
      17.23569,
      15.99696,
      14.96617,
      14.86525,
      13.8547,
      13.11978,
      12.935299999999998,
      12.837530000000001,
      12.16537,
      12.25321,
      11.950479999999999,
      11.487960000000001,
      11.237860000000001,
      11.43641,
      11.14967,
      10.88458,
      10.738460000000002,
      10.516680000000001,
      10.13132,
      10.08791,
      10.1706,
      10.01135,
      10.00385,
      10.072379999999999,
      9.769860000000001,
      9.72613,
      9.63208,
      9.44555,
      9.41713,
      9.24446,
      9.06702,
      9.30794,
      9.10598,
      8.92717,
      8.85731,
      8.83405,
      9.00894,
      8.95014,
      8.90979,
      8.616990000000001,
      8.43145,
      8.7104,
      8.08808,
      8.18625,
      8.49035,
      7.863269999999999,
      8.148349999999999,
      8.25029,
      7.897690000000001,
      7.875789999999999,
      8.21178,
      8.31586,
      8.0256,
      7.96858,
      7.64265,
      7.70045,
      7.73565,
      7.67912,
      7.597579999999999,
      7.68262,
      7.8332500000000005,
      7.38658,
      7.70404,
      7.87058,
      7.31145,
      7.68935,
      7.32369,
      7.89611,
      7.86375,
      7.5298,
      6.8851700000000005,
      7.22373,
      7.19693,
      7.11458,
      7.046469999999999,
      7.4211100000000005,
      6.84073,
      7.255380000000001,
      6.84592,
      6.53198,
      7.323910000000001,
      6.69986,
      6.81452,
      7.01647,
      7.24371,
      7.04168,
      7.02966,
      6.62257,
      6.82727,
      6.63948,
      6.70996,
      6.57038,
      6.59557,
      6.6869,
      6.600420000000001,
      6.519920000000001,
      6.290850000000001,
      6.262510000000001,
      6.64982,
      6.423109999999999,
      6.417859999999999,
      6.37715,
      6.38945,
      6.40445,
      6.16613,
      6.5082,
      6.08267,
      6.17015,
      6.40334,
      6.19028,
      6.16946,
      6.4021799999999995,
      6.31072,
      6.2225600000000005,
      5.96046,
      5.96018,
      6.07026,
      5.95274,
      6.02985,
      5.6260200000000005,
      5.96078,
      5.77801,
      5.7066,
      5.92731,
      6.056509999999999,
      5.74455,
      5.62205,
      5.83934,
      5.72788,
      5.615620000000001,
      5.49653,
      5.91313,
      5.49294,
      5.76962,
      5.41964,
      5.6409899999999995,
      5.55169,
      5.60334,
      5.676,
      5.209739999999999,
      5.23116,
      5.00701,
      5.02311,
      4.951309999999999,
      4.8671299999999995,
      4.82339,
      4.842560000000001,
      4.62324,
      4.7593
    ],
    "val_loss_history": [
      16.40785,
      14.969079999999998,
      14.71517,
      14.74961,
      14.11265,
      14.12941,
      17.63379,
      13.929670000000002,
      13.258870000000002,
      14.69949,
      13.40428,
      12.65281,
      12.36961,
      12.80525,
      13.03716,
      12.10787,
      12.06954,
      12.784300000000002,
      11.47212,
      11.03077,
      11.26383,
      9.76733,
      10.409600000000001,
      9.987760000000002,
      10.20698,
      10.01205,
      9.67289,
      9.67395,
      9.96076,
      10.27202,
      9.35676,
      9.539439999999999,
      9.79416,
      10.08539,
      9.64875,
      10.20441,
      10.93626,
      10.01723,
      10.14863,
      10.42906,
      10.098500000000001,
      9.306790000000001,
      9.6921,
      8.80182,
      8.90635,
      9.359449999999999,
      9.722370000000002,
      9.452620000000001,
      10.24382,
      9.42743,
      9.89775,
      9.49771,
      8.90192,
      8.57361,
      8.69577,
      8.77931,
      7.9549,
      7.88415,
      8.22841,
      8.998809999999999,
      9.5983,
      8.87732,
      8.28676,
      8.180909999999999,
      8.58128,
      8.19942,
      7.79691,
      8.32598,
      7.69848,
      7.77644,
      7.837160000000001,
      7.6889899999999995,
      8.42249,
      7.807229999999999,
      7.43463,
      7.4778400000000005,
      7.79683,
      7.742380000000001,
      7.698129999999999,
      7.97289,
      8.13074,
      7.571909999999999,
      7.686109999999999,
      7.85707,
      7.6372,
      7.42214,
      7.65776,
      7.4750000000000005,
      7.46194,
      7.56919,
      7.62598,
      7.48812,
      7.98689,
      8.013660000000002,
      7.845360000000001,
      8.05879,
      7.9825,
      7.712250000000001,
      7.5832299999999995,
      7.61236,
      7.21597,
      7.26614,
      7.04288,
      7.014189999999999,
      6.831029999999999,
      6.77985,
      6.96864,
      7.102600000000001,
      6.9383300000000006,
      6.63505,
      6.34295,
      6.48434,
      6.51175,
      6.67478,
      6.60288,
      6.49836,
      6.49479,
      6.46458,
      6.50938,
      6.43514,
      6.5132200000000005,
      6.3721,
      6.37022,
      6.29398,
      6.37621,
      6.544549999999999,
      6.81226,
      6.76731,
      6.63226,
      6.5305800000000005,
      6.5179800000000006,
      6.58338,
      6.5365,
      6.39436,
      6.468500000000001,
      6.540379999999999,
      6.56466,
      6.5820300000000005,
      6.68917,
      6.712739999999999,
      6.734770000000001,
      6.674769999999999,
      6.68464,
      6.58784,
      6.51319,
      6.40793,
      6.3333,
      6.24016,
      6.21073,
      6.162999999999999
    ],
    "gap_train_val": 1.4036999999999997,
    "gap_percentage": 29.493833126720315,
    "improvement_percentage": 74.95511253965147
  },
  "best_epoch_metrics": {
    "precision": 0.74664,
    "recall": 0.64869,
    "mAP50": 0.74616,
    "mAP50_95": 0.54192,
    "train_box_loss": 1.49636,
    "train_cls_loss": 3.138,
    "train_dfl_loss": 1.13526,
    "val_box_loss": 1.65177,
    "val_cls_loss": 3.30933,
    "val_dfl_loss": 1.5074
  },
  "performance_metrics": {
    "overall_accuracy": 89.65517241379311,
    "per_class_metrics": {
      "Hernia": {
        "accuracy": 100.0,
        "precision": 100.0,
        "recall": 100.0,
        "f1_score": 100.0,
        "total_samples": 35,
        "correct_predictions": 35
      },
      "L1": {
        "accuracy": 60.0,
        "precision": 100.0,
        "recall": 60.0,
        "f1_score": 75.0,
        "total_samples": 5,
        "correct_predictions": 3
      },
      "L2": {
        "accuracy": 100.0,
        "precision": 50.0,
        "recall": 100.0,
        "f1_score": 66.66666666666667,
        "total_samples": 2,
        "correct_predictions": 2
      },
      "L3": {
        "accuracy": 66.66666666666666,
        "precision": 50.0,
        "recall": 66.66666666666666,
        "f1_score": 57.14285714285714,
        "total_samples": 3,
        "correct_predictions": 2
      },
      "L4": {
        "accuracy": 84.61538461538461,
        "precision": 91.66666666666666,
        "recall": 84.61538461538461,
        "f1_score": 87.99999999999999,
        "total_samples": 13,